1,"Asia, Europe, North America, Africa"
2,Asia
3,"Asia, Europe, North America"
4,"Africa, South America, Oceania, North America, Asia, Europe, Antarctica"
5,"Africa, Asia"
6,Oceania
7,"South America, North America"
8,North America
9,"Europe, North America, Asia"
10,"North America  Canada, Mexico, United States"
11,"Asia, Africa"
12,Africa
13,"North America, Asia, Europe"
14,South America
15,"Asia, Europe, Africa, North America, Oceania"
16,"Europe, Asia"
17,"North America, Europe, Asia"
18,"Asia, North America, Europe"
19,"South America, Asia, North America, Europe"
20,"Oceania, Asia"
21,"Oceania, Africa, North America, South America, Asia, Europe, Antarctica"
22,"North America, Europe, South America, Asia"
23,"Asia, Europe, North America, Oceania"
24,"North America,  South America, Europe, Oceania"
25,"North America, Asia"
26,"Oceania, Asia, Africa"
27,"Africa, Asia, Europe, North America"
28,"Asia, Europe, Africa, South America, Oceania, North America"
29,"North America, Europe"
30,"Asia, Europe, Africa, Oceania, North America"
31,"North America, Europe, Africa"
32,"Asia, Europe"
33,"Asia, South America, North America"
34,"North America, South America"
35,"North America,  South America"
36,"Asia, Africa  South Asia, North Africa, Sub-Saharan Africa, Western Asia, Central Asia"
37,"Europe, Asia, North America"
38,"Europe, Asia, Africa"
39,"Africa, Antarctica, South America, Oceania,   Europe, North America, Asia"
40,"Asia, Europe, North America, Africa, Oceania"
41,"Asia, Europe, Africa"
42,"Asia, North America"
43,Europe
44,"North America, South America, Europe, Asia"
45,"Europe, Africa, North America"
46,"Asia, Africa, Oceania"
47,"Asia, Oceania, Africa, North America"
48,"North America  Canada, United States"
49,"Africa, North America"
50,"Africa, Europe"
51,"Asia  South Asia, East Asia, Southeast Asia"
52,"Europe, North America,  Asia"
53,"Africa, South America, Oceania, North America, Europe, Antarctica, Asia"
54,"Antarctica, South America, Oceania, Africa"
55,"North America, Asia, Antarctica, South America, Oceania, Africa"
56,"Europe, Africa, Asia"
57,Africa  Sub-Saharan Africa
58,"Africa, Asia, Europe"
59,"South America  Argentina, Chile"
60,Oceania  Australia
61,"Europe, North America, South America, Asia, Africa"
62,"North America, South America, Africa"
63,"Oceania, Antarctica, South America,  Africa, North America, Europe, Asia"
64,"South America, North America, Africa"
65,"Antarctica, Africa,  South America, Oceania"
66,"Asia, Oceania, North America"
67,"Africa, Oceania"
68,"Asia, Oceania"
69,"Asia, Africa, Europe"
70,"Europe,  Asia"
71,"Europe, Africa"
72,"Europe, Asia  Albania, Austria, Bosnia and Herzegovina, Bulgaria, Croatia, Estonia, Greece, Hungary, Italy, Latvia,"
73,"Africa, South America, Oceania, Antarctica"
74,"Antarctica, South America, Africa"
75,"South America, Africa"
76,"North America, South America, Asia"
77,"Europe, North America, South America, Africa"
78,"Africa  DR Congo, South Sudan, Sudan, Uganda"
79,"North America, Asia, Africa"
80,"Antarctica, South America, Asia, Africa"
81,"South America  Ecuador, Bolivia, Brazil, Colombia, Guyana, Paraguay, Peru, Suriname, Venezuela"
82,Africa  Madagascar
83,"Asia  Papua New Guinea, Indonesia"
84,"Africa  Burundi, DR Congo, Rwanda, Uganda"
85,"South America  Ecuador, Bolivia, Brazil, Colombia, Peru, Venezuela"
86,Africa  DR Congo
87,"Europe, North America, Asia, South America, Africa"
88,"Oceania, Africa, North America, Asia, South America"
89,"Oceania, North America, Asia, South America, Africa"
90,"South America, North America, Asia"
91,"Europe, Asia,  Africa"
92,"North America, Asia, Africa, South America, Oceania"
93,"South America,  North America"
94,"North America  Bahamas, Cuba, Honduras"
95,"Asia  India, Sri Lanka"
96,"Africa  Benin, Burkina Faso, Cameroon, Gambia, Ghana, Guinea, Guinea-Bissau, Mali, Niger, Nigeria,"
97,"North America, Africa"
98,Asia  Philippines
99,Africa  South Africa
100,"Europe, Asia  Austria, Bosnia and Herzegovina, Bulgaria, Croatia, Denmark, Germany, Greece, Hungary, Latvia, Lithuania,"
101,"Europe,  North America, Asia, Africa"
102,"Antarctica, South America,  Africa"
103,"Asia,  Africa"
104,"Europe, North America, South America, Africa, Asia"
105,"North America, Europe, Asia, Africa, South America, Oceania"
106,"Asia, Europe, Africa, North America"
107,"Europe, Asia, Africa, North America, South America"
108,"North America, Europe, Asia, Africa"
109,"Europe, Asia, Africa, North America, South America, Oceania"
110,"Asia, Europe, Africa, North America, South America, Oceania"
111,"Oceania, North America"
112,"North America, Oceania, South America"
113,"Europe, Asia, Oceania,  Africa"
114,"North America, South America, Europe"
115,"Europe, Asia, Africa, North America"
116,"Europe, Asia, Africa, Oceania,  North America, South America"
117,"North America, South America, Oceania,  Africa, Europe"
118,"South America  Argentina, Bolivia, Chile, Colombia, Ecuador, Peru, Brazil, Paraguay, Venezuela"
119,"Europe, Asia, Africa, Oceania, North America, South America"
120,"Asia, Europe, Africa, Oceania,  North America, South America"
121,"Africa, Asia, North America"
122,"Antarctica, South America, Oceania, Africa, Europe, Asia, North America"
123,"Asia, Africa, Oceania, North America"
124,"Asia  South Asia, Southeast Asia"
125,"South America, North America  Central America"
126,"Asia,  Europe, Africa"
127,"North America, Europe, Africa, Asia"
128,"Oceania, South America"
129,"North America, South America, Oceania, Europe"
130,"North America, Europe, Asia, Africa, South America"
131,"South America, Antarctica, Africa"
132,"Europe, Asia, Africa, Oceania"
133,"Asia, Africa, Europe, Oceania"
134,"Africa, Antarctica, South America, Oceania, Europe, North America, Asia"
135,"Africa, North America, South America, Asia, Oceania, Europe"
136,"North America, Asia, Europe, Oceania"
137,"Oceania, Asia, North America"
138,"Europe, Asia, Oceania, Africa"
139,"North America, South America, Oceania"
140,"Africa, North America, South America, Oceania, Asia, Europe"
141,"North America  Caribbean Islands, Central America"
142,"Europe, Asia, Africa, Oceania, North America"
143,"Asia, Europe,  Africa"
144,"South America, North America  Central America, Caribbean Islands"
145,"North America, South America, Oceania, Europe, Africa"
146,"Africa, Asia  Equatorial Guinea, South Africa, Angola, Benin, Botswana, Burkina Faso, Burundi, Cameroon, Central African Republic, Chad,"
147,"North America, South America, Europe, Asia, Africa"
148,"South America  Chile, Peru"
149,"North America, South America, Asia, Africa"
150,"Antarctica, South America"
151,"Europe, Asia,  North America"
152,"Europe, North America, Asia, Africa"
153,"North America, South America, Europe, Asia, Africa, Oceania"
154,"North America, Asia, South America, Africa"
155,"North America, South America, Europe, Africa"
156,"North America, Europe, Asia, Africa, Oceania"
157,"Europe, Asia, North America, Africa"
158,"North America, South America  Antigua and Barbuda, Bahamas, Barbados, Cuba, Dominica, Dominican Republic, Grenada, Guadeloupe, Jamaica, Saint Kitts and Nevis,"
159,"Europe, Africa, Asia, North America"
160,"Europe, Asia, Africa, North America, South America, Oceania, Antarctica"
161,"Europe, Asia, Africa,  Oceania"
162,"North America, Asia, Oceania"
163,"North America, Antarctica, South America"
164,"North America, Europe, Asia, South America, Africa"
165,"Europe, North America, Asia,  Africa"
166,"Antarctica, Asia, Africa, Oceania, North America, South America"
167,"Oceania, Antarctica"
168,"North America, Europe, Asia, Africa   Bahamas, China, Japan, North Korea, South Korea, Spain, Portugal, France, United Kingdom, Austria,"
169,"Antarctica, Europe, North America, South America, Africa"
170,"Africa, Antarctica, South America, Oceania, Europe"
171,"Europe,  Africa"
172,"North America, Antarctica, Europe, Asia, South America, Africa"
173,"Antarctica, South America, Africa, Oceania"
174,"South America  Argentina, Bolivia, Chile, Peru, Brazil"
175,"Oceania, Asia, South America, Africa, North America, Antarctica"
176,"Europe, South America, North America, Asia, Africa"
177,"Antarctica, Europe, North America, Asia, South America"
178,"Antarctica, North America, Asia"
179,"Antarctica, Europe, North America, Asia, South America, Africa"
180,"North America, South America, Europe,  Asia, Africa"
181,"Antarctica, South America, North America, Africa"
182,"Europe,  North America, Asia"
183,"South America, North America  Antigua and Barbuda, Dominica, Grenada, Guadeloupe, Saint Lucia, Saint Vincent and the Grenadines, Trinidad and Tobago, Belize, El Salvador, Guatemala,"
184,"North America, South America  Antigua and Barbuda, Bahamas, Barbados, Cuba, Dominica, Dominican Republic, Guadeloupe, Saint Kitts and Nevis, Saint Lucia, Saint Vincent and the Grenadines,"
185,"Africa, North America, South America"
186,"Europe, Africa, North America, South America, Asia"
187,"Europe, Asia  China, Hong Kong, Japan, North Korea, South Korea, Mongolia, Taiwan, Finland, Estonia, Russia,"
188,"North America, Asia, South America"
189,"Europe,  Asia, Africa"
190,"Asia  India, Bangladesh, Brunei, Indonesia, Malaysia, Myanmar, Philippines, Singapore, Thailand"
191,"South America, North America, Asia, Africa"
192,"Antarctica, Europe, North America, South America, Africa, Asia"
193,"North America, South America, Asia,  Africa"
194,"Europe, North America"
195,"South America  Bolivia, Brazil, Peru"
196,"Europe,  Africa, Asia"
197,"Europe, North America, Asia, South America"
198,"North America,  South America, Asia, Africa"
199,"North America  Bahamas, Cuba, Jamaica, Belize, Guatemala, Honduras, Mexico, United States"
200,"Europe  Spain, Portugal, France, Finland, United Kingdom, Belgium, Denmark, Faroe Islands, Germany, Greece,"
201,"Antarctica, Europe, South America, North America, Asia, Africa"
202,"Europe, Asia  China, Japan, North Korea, South Korea, Mongolia, Finland, Estonia, Latvia, Norway, Sweden,"
203,"South America, North America  Trinidad and Tobago, Belize, Costa Rica, Guatemala, Honduras, Mexico, Nicaragua, Panama, Ecuador, Bolivia,"
204,"Africa  South Africa, Angola, Benin, Botswana, Burkina Faso, Burundi, Cameroon, Central African Republic, Chad, DR Congo,"
205,"Antarctica, North America, Asia, Africa"
206,"Antarctica, Africa"
207,"South America, North America  Costa Rica, Nicaragua, Panama, Ecuador, Colombia"
208,"Asia  China, India, Bangladesh, Brunei, Cambodia, Indonesia, Laos, Malaysia, Myanmar, Philippines,"
209,"Africa  South Africa, Angola, Botswana, Malawi, Mozambique, Namibia, Zambia, Zimbabwe"
210,"Antarctica,  South America"
211,North America  Mexico
212,"South America  Chile, Argentina, Bolivia, Peru"
213,"North America  Belize, Costa Rica,  El Salvador, Guatemala, Honduras, Mexico, Nicaragua"
214,"South America  Chile, Argentina, Bolivia, Brazil, Paraguay, Peru, Uruguay"
215,"South America,  Africa"
216,"South America, North America  Belize, Costa Rica, El Salvador, Guatemala, Honduras, Mexico, Nicaragua, Panama, Ecuador, Bolivia,"
217,"Antarctica, South America, North America"
218,"South America, North America  Trinidad and Tobago, Costa Rica, Honduras, Nicaragua, Panama, Ecuador, Argentina, Bolivia, Brazil, Colombia,"
219,"North America  Belize, Costa Rica, El Salvador, Guatemala, Honduras, Mexico, Nicaragua, Panama, United States"
220,"North America  Mexico, United States"
221,"Antarctica, North America"
222,"South America  Ecuador, Bolivia,  Brazil, Colombia, Guyana, Peru, Suriname, Venezuela"
223,"Europe, Asia  Greece, Russia, Georgia, Turkey"
224,"South America  Brazil, Paraguay"
225,"South America, North America  Costa Rica, Honduras, Nicaragua, Panama, Ecuador, Brazil, Colombia, Peru, Venezuela"
226,"South America, North America  Costa Rica, Panama, Ecuador, Bolivia, Colombia, Peru, Venezuela"
227,"South America, North America  Belize, Costa Rica, El Salvador, Guatemala, Honduras, Mexico, Nicaragua, Panama, Ecuador, Colombia"
228,"South America  Argentina, Bolivia, Brazil, Peru"
229,"South America  Ecuador, Brazil, Colombia, Guyana, Peru, Venezuela"
